"","disease","total_diabetes","total_male","total_smoked","total_heavy_drinker","total_drinker"
"1","pos",0.329608938547486,0.698324022346369,0.698324022346369,0.245810055865922,0.837988826815642
"2","neg",0.112534309240622,0.510750228728271,0.478956999085087,0.161710887465691,0.851784080512351
